--
-- PostgreSQL database dump
--

-- Dumped from database version 14.18 (Debian 14.18-1.pgdg120+1)
-- Dumped by pg_dump version 14.18 (Debian 14.18-1.pgdg120+1)

SET statement_timeout = 0;
SET lock_timeout = 0;
SET idle_in_transaction_session_timeout = 0;
SET client_encoding = 'UTF8';
SET standard_conforming_strings = on;
SELECT pg_catalog.set_config('search_path', '', false);
SET check_function_bodies = false;
SET xmloption = content;
SET client_min_messages = warning;
SET row_security = off;

SET default_tablespace = '';

SET default_table_access_method = heap;

--
-- Name: News_news; Type: TABLE; Schema: public; Owner: postgres
--

CREATE TABLE public."News_news" (
    id bigint NOT NULL,
    intro text NOT NULL,
    title character varying(500) NOT NULL,
    url character varying(1000) NOT NULL,
    image_url character varying(1000),
    source character varying(50) NOT NULL,
    image character varying(100) NOT NULL,
    type character varying(10) NOT NULL,
    category character varying(50),
    is_edited boolean NOT NULL,
    all_edited_image jsonb NOT NULL,
    created_at timestamp with time zone NOT NULL,
    updated_at timestamp with time zone NOT NULL
);


ALTER TABLE public."News_news" OWNER TO postgres;

--
-- Name: News_news_id_seq; Type: SEQUENCE; Schema: public; Owner: postgres
--

ALTER TABLE public."News_news" ALTER COLUMN id ADD GENERATED BY DEFAULT AS IDENTITY (
    SEQUENCE NAME public."News_news_id_seq"
    START WITH 1
    INCREMENT BY 1
    NO MINVALUE
    NO MAXVALUE
    CACHE 1
);


--
-- Name: News_template; Type: TABLE; Schema: public; Owner: postgres
--

CREATE TABLE public."News_template" (
    id bigint NOT NULL,
    page_name character varying(100) NOT NULL,
    page_id character varying(100) NOT NULL,
    image character varying(100) NOT NULL,
    created_at timestamp with time zone NOT NULL,
    updated_at timestamp with time zone NOT NULL
);


ALTER TABLE public."News_template" OWNER TO postgres;

--
-- Name: News_template_id_seq; Type: SEQUENCE; Schema: public; Owner: postgres
--

ALTER TABLE public."News_template" ALTER COLUMN id ADD GENERATED BY DEFAULT AS IDENTITY (
    SEQUENCE NAME public."News_template_id_seq"
    START WITH 1
    INCREMENT BY 1
    NO MINVALUE
    NO MAXVALUE
    CACHE 1
);


--
-- Name: TestApp_testimage; Type: TABLE; Schema: public; Owner: postgres
--

CREATE TABLE public."TestApp_testimage" (
    id bigint NOT NULL,
    image character varying(100) NOT NULL,
    is_edited boolean NOT NULL,
    edited_image character varying(100),
    all_edited_image jsonb NOT NULL,
    created_at timestamp with time zone NOT NULL,
    updated_at timestamp with time zone NOT NULL
);


ALTER TABLE public."TestApp_testimage" OWNER TO postgres;

--
-- Name: TestApp_testimage_id_seq; Type: SEQUENCE; Schema: public; Owner: postgres
--

ALTER TABLE public."TestApp_testimage" ALTER COLUMN id ADD GENERATED BY DEFAULT AS IDENTITY (
    SEQUENCE NAME public."TestApp_testimage_id_seq"
    START WITH 1
    INCREMENT BY 1
    NO MINVALUE
    NO MAXVALUE
    CACHE 1
);


--
-- Name: auth_group; Type: TABLE; Schema: public; Owner: postgres
--

CREATE TABLE public.auth_group (
    id integer NOT NULL,
    name character varying(150) NOT NULL
);


ALTER TABLE public.auth_group OWNER TO postgres;

--
-- Name: auth_group_id_seq; Type: SEQUENCE; Schema: public; Owner: postgres
--

ALTER TABLE public.auth_group ALTER COLUMN id ADD GENERATED BY DEFAULT AS IDENTITY (
    SEQUENCE NAME public.auth_group_id_seq
    START WITH 1
    INCREMENT BY 1
    NO MINVALUE
    NO MAXVALUE
    CACHE 1
);


--
-- Name: auth_group_permissions; Type: TABLE; Schema: public; Owner: postgres
--

CREATE TABLE public.auth_group_permissions (
    id bigint NOT NULL,
    group_id integer NOT NULL,
    permission_id integer NOT NULL
);


ALTER TABLE public.auth_group_permissions OWNER TO postgres;

--
-- Name: auth_group_permissions_id_seq; Type: SEQUENCE; Schema: public; Owner: postgres
--

ALTER TABLE public.auth_group_permissions ALTER COLUMN id ADD GENERATED BY DEFAULT AS IDENTITY (
    SEQUENCE NAME public.auth_group_permissions_id_seq
    START WITH 1
    INCREMENT BY 1
    NO MINVALUE
    NO MAXVALUE
    CACHE 1
);


--
-- Name: auth_permission; Type: TABLE; Schema: public; Owner: postgres
--

CREATE TABLE public.auth_permission (
    id integer NOT NULL,
    name character varying(255) NOT NULL,
    content_type_id integer NOT NULL,
    codename character varying(100) NOT NULL
);


ALTER TABLE public.auth_permission OWNER TO postgres;

--
-- Name: auth_permission_id_seq; Type: SEQUENCE; Schema: public; Owner: postgres
--

ALTER TABLE public.auth_permission ALTER COLUMN id ADD GENERATED BY DEFAULT AS IDENTITY (
    SEQUENCE NAME public.auth_permission_id_seq
    START WITH 1
    INCREMENT BY 1
    NO MINVALUE
    NO MAXVALUE
    CACHE 1
);


--
-- Name: auth_user; Type: TABLE; Schema: public; Owner: postgres
--

CREATE TABLE public.auth_user (
    id integer NOT NULL,
    password character varying(128) NOT NULL,
    last_login timestamp with time zone,
    is_superuser boolean NOT NULL,
    username character varying(150) NOT NULL,
    first_name character varying(150) NOT NULL,
    last_name character varying(150) NOT NULL,
    email character varying(254) NOT NULL,
    is_staff boolean NOT NULL,
    is_active boolean NOT NULL,
    date_joined timestamp with time zone NOT NULL
);


ALTER TABLE public.auth_user OWNER TO postgres;

--
-- Name: auth_user_groups; Type: TABLE; Schema: public; Owner: postgres
--

CREATE TABLE public.auth_user_groups (
    id bigint NOT NULL,
    user_id integer NOT NULL,
    group_id integer NOT NULL
);


ALTER TABLE public.auth_user_groups OWNER TO postgres;

--
-- Name: auth_user_groups_id_seq; Type: SEQUENCE; Schema: public; Owner: postgres
--

ALTER TABLE public.auth_user_groups ALTER COLUMN id ADD GENERATED BY DEFAULT AS IDENTITY (
    SEQUENCE NAME public.auth_user_groups_id_seq
    START WITH 1
    INCREMENT BY 1
    NO MINVALUE
    NO MAXVALUE
    CACHE 1
);


--
-- Name: auth_user_id_seq; Type: SEQUENCE; Schema: public; Owner: postgres
--

ALTER TABLE public.auth_user ALTER COLUMN id ADD GENERATED BY DEFAULT AS IDENTITY (
    SEQUENCE NAME public.auth_user_id_seq
    START WITH 1
    INCREMENT BY 1
    NO MINVALUE
    NO MAXVALUE
    CACHE 1
);


--
-- Name: auth_user_user_permissions; Type: TABLE; Schema: public; Owner: postgres
--

CREATE TABLE public.auth_user_user_permissions (
    id bigint NOT NULL,
    user_id integer NOT NULL,
    permission_id integer NOT NULL
);


ALTER TABLE public.auth_user_user_permissions OWNER TO postgres;

--
-- Name: auth_user_user_permissions_id_seq; Type: SEQUENCE; Schema: public; Owner: postgres
--

ALTER TABLE public.auth_user_user_permissions ALTER COLUMN id ADD GENERATED BY DEFAULT AS IDENTITY (
    SEQUENCE NAME public.auth_user_user_permissions_id_seq
    START WITH 1
    INCREMENT BY 1
    NO MINVALUE
    NO MAXVALUE
    CACHE 1
);


--
-- Name: django_admin_log; Type: TABLE; Schema: public; Owner: postgres
--

CREATE TABLE public.django_admin_log (
    id integer NOT NULL,
    action_time timestamp with time zone NOT NULL,
    object_id text,
    object_repr character varying(200) NOT NULL,
    action_flag smallint NOT NULL,
    change_message text NOT NULL,
    content_type_id integer,
    user_id integer NOT NULL,
    CONSTRAINT django_admin_log_action_flag_check CHECK ((action_flag >= 0))
);


ALTER TABLE public.django_admin_log OWNER TO postgres;

--
-- Name: django_admin_log_id_seq; Type: SEQUENCE; Schema: public; Owner: postgres
--

ALTER TABLE public.django_admin_log ALTER COLUMN id ADD GENERATED BY DEFAULT AS IDENTITY (
    SEQUENCE NAME public.django_admin_log_id_seq
    START WITH 1
    INCREMENT BY 1
    NO MINVALUE
    NO MAXVALUE
    CACHE 1
);


--
-- Name: django_content_type; Type: TABLE; Schema: public; Owner: postgres
--

CREATE TABLE public.django_content_type (
    id integer NOT NULL,
    app_label character varying(100) NOT NULL,
    model character varying(100) NOT NULL
);


ALTER TABLE public.django_content_type OWNER TO postgres;

--
-- Name: django_content_type_id_seq; Type: SEQUENCE; Schema: public; Owner: postgres
--

ALTER TABLE public.django_content_type ALTER COLUMN id ADD GENERATED BY DEFAULT AS IDENTITY (
    SEQUENCE NAME public.django_content_type_id_seq
    START WITH 1
    INCREMENT BY 1
    NO MINVALUE
    NO MAXVALUE
    CACHE 1
);


--
-- Name: django_migrations; Type: TABLE; Schema: public; Owner: postgres
--

CREATE TABLE public.django_migrations (
    id bigint NOT NULL,
    app character varying(255) NOT NULL,
    name character varying(255) NOT NULL,
    applied timestamp with time zone NOT NULL
);


ALTER TABLE public.django_migrations OWNER TO postgres;

--
-- Name: django_migrations_id_seq; Type: SEQUENCE; Schema: public; Owner: postgres
--

ALTER TABLE public.django_migrations ALTER COLUMN id ADD GENERATED BY DEFAULT AS IDENTITY (
    SEQUENCE NAME public.django_migrations_id_seq
    START WITH 1
    INCREMENT BY 1
    NO MINVALUE
    NO MAXVALUE
    CACHE 1
);


--
-- Name: django_session; Type: TABLE; Schema: public; Owner: postgres
--

CREATE TABLE public.django_session (
    session_key character varying(40) NOT NULL,
    session_data text NOT NULL,
    expire_date timestamp with time zone NOT NULL
);


ALTER TABLE public.django_session OWNER TO postgres;

--
-- Data for Name: News_news; Type: TABLE DATA; Schema: public; Owner: postgres
--

COPY public."News_news" (id, intro, title, url, image_url, source, image, type, category, is_edited, all_edited_image, created_at, updated_at) FROM stdin;
6	প্রতীক্ষার অবসান, টেস্ট চ্যাম্পিয়নশিপে চ্যাম্পিয়ন দক্ষিণ আফ্রিকা	প্রতীক্ষার অবসান, টেস্ট চ্যাম্পিয়নশিপে চ্যাম্পিয়ন দক্ষিণ আফ্রিকা	https://bn.bdcrictime.com/%E0%A6%AA%E0%A7%8D%E0%A6%B0%E0%A6%A4%E0%A7%80%E0%A6%95%E0%A7%8D%E0%A6%B7%E0%A6%BE%E0%A6%B0-%E0%A6%85%E0%A6%AC%E0%A6%B8%E0%A6%BE%E0%A6%A8-%E0%A6%9F%E0%A7%87%E0%A6%B8%E0%A7%8D%E0%A6%9F-%E0%A6%9A%E0%A7%8D%E0%A6%AF%E0%A6%BE%E0%A6%AE%E0%A7%8D%E0%A6%AA%E0%A6%BF%E0%A7%9F%E0%A6%A8%E0%A6%B6%E0%A6%BF%E0%A6%AA%E0%A7%87-%E0%A6%9A%E0%A7%8D%E0%A6%AF%E0%A6%BE%E0%A6%AE%E0%A7%8D%E0%A6%AA%E0%A6%BF%E0%A7%9F%E0%A6%A8-%E0%A6%A6%E0%A6%95%E0%A7%8D%E0%A6%B7%E0%A6%BF%E0%A6%A3-%E0%A6%86%E0%A6%AB%E0%A7%8D%E0%A6%B0%E0%A6%BF%E0%A6%95%E0%A6%BE	https://bnapi.bdcrictime.com/south-africa-2-14_06_2025.jpg	bdcrictime.com	news_images/1749965448_27876.jpg	bn	Cricket	t	{"template1": "edited_images/1749965448_27876_template1.jpg", "template2": "edited_images/1749965448_27876_template2.jpg"}	2025-06-15 05:30:48.407267+00	2025-06-15 05:44:08.249224+00
7	সরে গেছে আঙুলের হাড়, লম্বা সময় মাঠের বাইরে স্মিথ	সরে গেছে আঙুলের হাড়, লম্বা সময় মাঠের বাইরে স্মিথ	https://bn.bdcrictime.com/%E0%A6%B8%E0%A6%B0%E0%A7%87-%E0%A6%97%E0%A7%87%E0%A6%9B%E0%A7%87-%E0%A6%86%E0%A6%99%E0%A7%81%E0%A6%B2%E0%A7%87%E0%A6%B0-%E0%A6%B9%E0%A6%BE%E0%A7%9C-%E0%A6%B2%E0%A6%AE%E0%A7%8D%E0%A6%AC%E0%A6%BE-%E0%A6%B8%E0%A6%AE%E0%A7%9F-%E0%A6%AE%E0%A6%BE%E0%A6%A0%E0%A7%87%E0%A6%B0-%E0%A6%AC%E0%A6%BE%E0%A6%87%E0%A6%B0%E0%A7%87-%E0%A6%B8%E0%A7%8D%E0%A6%AE%E0%A6%BF%E0%A6%A5	https://bnapi.bdcrictime.com/smith-2-14_06_2025.jpg	bdcrictime.com	news_images/1749965449_75519.jpg	bn	Cricket	t	{"template1": "edited_images/1749965449_75519_template1.jpg", "template2": "edited_images/1749965449_75519_template2.jpg"}	2025-06-15 05:30:49.600877+00	2025-06-15 05:44:09.94414+00
8	বদলাচ্ছে বাউন্ডারিতে ক্যাচের নিয়ম, চলতি মাসেই কার্যকর	বদলাচ্ছে বাউন্ডারিতে ক্যাচের নিয়ম, চলতি মাসেই কার্যকর	https://bn.bdcrictime.com/%E0%A6%AC%E0%A6%A6%E0%A6%B2%E0%A6%BE%E0%A6%9A%E0%A7%8D%E0%A6%9B%E0%A7%87-%E0%A6%AC%E0%A6%BE%E0%A6%89%E0%A6%A8%E0%A7%8D%E0%A6%A1%E0%A6%BE%E0%A6%B0%E0%A6%BF%E0%A6%A4%E0%A7%87-%E0%A6%95%E0%A7%8D%E0%A6%AF%E0%A6%BE%E0%A6%9A%E0%A7%87%E0%A6%B0-%E0%A6%A8%E0%A6%BF%E0%A7%9F%E0%A6%AE-%E0%A6%9A%E0%A6%B2%E0%A6%A4%E0%A6%BF-%E0%A6%AE%E0%A6%BE%E0%A6%B8%E0%A7%87%E0%A6%87-%E0%A6%95%E0%A6%BE%E0%A6%B0%E0%A7%8D%E0%A6%AF%E0%A6%95%E0%A6%B0	https://bnapi.bdcrictime.com/catch-14_06_2025.jpg	bdcrictime.com	news_images/1749965450_83818.jpg	bn	Cricket	t	{"template1": "edited_images/1749965450_83818_template1.jpg", "template2": "edited_images/1749965450_83818_template2.jpg"}	2025-06-15 05:30:50.189478+00	2025-06-15 05:44:12.334481+00
1	চোট নিয়ে মুখ খুললেন স্মিথ, জানালেন ফেরার সম্ভাব্য সময়	চোট নিয়ে মুখ খুললেন স্মিথ, জানালেন ফেরার সম্ভাব্য সময়	https://bn.bdcrictime.com/%E0%A6%9A%E0%A7%8B%E0%A6%9F-%E0%A6%A8%E0%A6%BF%E0%A7%9F%E0%A7%87-%E0%A6%AE%E0%A7%81%E0%A6%96-%E0%A6%96%E0%A7%81%E0%A6%B2%E0%A6%B2%E0%A7%87%E0%A6%A8-%E0%A6%B8%E0%A7%8D%E0%A6%AE%E0%A6%BF%E0%A6%A5-%E0%A6%9C%E0%A6%BE%E0%A6%A8%E0%A6%BE%E0%A6%B2%E0%A7%87%E0%A6%A8-%E0%A6%AB%E0%A7%87%E0%A6%B0%E0%A6%BE%E0%A6%B0-%E0%A6%B8%E0%A6%AE%E0%A7%8D%E0%A6%AD%E0%A6%BE%E0%A6%AC%E0%A7%8D%E0%A6%AF-%E0%A6%B8%E0%A6%AE%E0%A7%9F	https://bnapi.bdcrictime.com/smithkhawaja-15_06_2025.jpg	bdcrictime.com	news_images/1749965439_95829.jpg	bn	Cricket	t	{"template1": "edited_images/1749965439_95829_template1.jpg", "template2": "edited_images/1749965439_95829_template2.jpg"}	2025-06-15 05:30:39.04403+00	2025-06-15 05:43:55.484334+00
2	"চোকার্স ট্যাগ আর শুনতে না হলেই ভালো"	"চোকার্স ট্যাগ আর শুনতে না হলেই ভালো"	https://bn.bdcrictime.com/%E0%A6%9A%E0%A7%8B%E0%A6%95%E0%A6%BE%E0%A6%B0%E0%A7%8D%E0%A6%B8-%E0%A6%9F%E0%A7%8D%E0%A6%AF%E0%A6%BE%E0%A6%97-%E0%A6%86%E0%A6%B0-%E0%A6%B6%E0%A7%81%E0%A6%A8%E0%A6%A4%E0%A7%87-%E0%A6%A8%E0%A6%BE-%E0%A6%B9%E0%A6%B2%E0%A7%87%E0%A6%87-%E0%A6%AD%E0%A6%BE%E0%A6%B2%E0%A7%8B	https://bnapi.bdcrictime.com/Post images/June 2025/bavumamarkramtr-15_06_2025.jpg	bdcrictime.com	news_images/1749965439_2735.jpg	bn	Cricket	t	{"template1": "edited_images/1749965439_2735_template1.jpg", "template2": "edited_images/1749965439_2735_template2.jpg"}	2025-06-15 05:30:39.432474+00	2025-06-15 05:43:57.546323+00
4	আমি বাকরুদ্ধ, ব্লাড প্রেসার এখন খুবই বেশি : লুঙ্গি	আমি বাকরুদ্ধ, ব্লাড প্রেসার এখন খুবই বেশি : লুঙ্গি	https://bn.bdcrictime.com/%E0%A6%86%E0%A6%AE%E0%A6%BF-%E0%A6%AC%E0%A6%BE%E0%A6%95%E0%A6%B0%E0%A7%81%E0%A6%A6%E0%A7%8D%E0%A6%A7-%E0%A6%AC%E0%A7%8D%E0%A6%B2%E0%A6%BE%E0%A6%A1-%E0%A6%AA%E0%A7%8D%E0%A6%B0%E0%A7%87%E0%A6%B8%E0%A6%BE%E0%A6%B0-%E0%A6%8F%E0%A6%96%E0%A6%A8-%E0%A6%96%E0%A7%81%E0%A6%AC%E0%A6%87-%E0%A6%AC%E0%A7%87%E0%A6%B6%E0%A6%BF-%E0%A6%B2%E0%A7%81%E0%A6%99%E0%A7%8D%E0%A6%97%E0%A6%BF	https://bnapi.bdcrictime.com/Post images/June 2025/lungingidi-15_06_2025.jpg	bdcrictime.com	news_images/1749965440_83374.jpg	bn	Cricket	t	{"template1": "edited_images/1749965440_83374_template1.jpg", "template2": "edited_images/1749965440_83374_template2.jpg"}	2025-06-15 05:30:40.170713+00	2025-06-15 05:44:02.489451+00
9	শিরোপা জয়ের পথে দক্ষিণ আফ্রিকার বড় চিন্তা বাভুমার ইঞ্জুরি	শিরোপা জয়ের পথে দক্ষিণ আফ্রিকার বড় চিন্তা বাভুমার ইঞ্জুরি	https://bn.bdcrictime.com/%E0%A6%B6%E0%A6%BF%E0%A6%B0%E0%A7%8B%E0%A6%AA%E0%A6%BE-%E0%A6%9C%E0%A7%9F%E0%A7%87%E0%A6%B0-%E0%A6%AA%E0%A6%A5%E0%A7%87-%E0%A6%A6%E0%A6%95%E0%A7%8D%E0%A6%B7%E0%A6%BF%E0%A6%A3-%E0%A6%86%E0%A6%AB%E0%A7%8D%E0%A6%B0%E0%A6%BF%E0%A6%95%E0%A6%BE%E0%A6%B0-%E0%A6%AC%E0%A7%9C-%E0%A6%9A%E0%A6%BF%E0%A6%A8%E0%A7%8D%E0%A6%A4%E0%A6%BE-%E0%A6%AC%E0%A6%BE%E0%A6%AD%E0%A7%81%E0%A6%AE%E0%A6%BE%E0%A6%B0-%E0%A6%87%E0%A6%9E%E0%A7%8D%E0%A6%9C%E0%A7%81%E0%A6%B0%E0%A6%BF	https://bnapi.bdcrictime.com/tembabavuma-14_06_2025.jpg	bdcrictime.com	news_images/1749965450_36190.jpg	bn	Cricket	t	{"template1": "edited_images/1749965450_36190_template1.jpg", "template2": "edited_images/1749965450_36190_template2.jpg"}	2025-06-15 05:30:50.608954+00	2025-06-15 05:44:14.145155+00
10	টি-টোয়েন্টি থেকে দূরে থাকায় আফসোস হয় : অ্যান্ডারসন	টি-টোয়েন্টি থেকে দূরে থাকায় আফসোস হয় : অ্যান্ডারসন	https://bn.bdcrictime.com/%E0%A6%9F%E0%A6%BF-%E0%A6%9F%E0%A7%8B%E0%A7%9F%E0%A7%87%E0%A6%A8%E0%A7%8D%E0%A6%9F%E0%A6%BF-%E0%A6%A5%E0%A7%87%E0%A6%95%E0%A7%87-%E0%A6%A6%E0%A7%82%E0%A6%B0%E0%A7%87-%E0%A6%A5%E0%A6%BE%E0%A6%95%E0%A6%BE%E0%A7%9F-%E0%A6%86%E0%A6%AB%E0%A6%B8%E0%A7%8B%E0%A6%B8-%E0%A6%B9%E0%A7%9F-%E0%A6%85%E0%A7%8D%E0%A6%AF%E0%A6%BE%E0%A6%A8%E0%A7%8D%E0%A6%A1%E0%A6%BE%E0%A6%B0%E0%A6%B8%E0%A6%A8	https://bnapi.bdcrictime.com/jimmyand-14_06_2025.jpg	bdcrictime.com	news_images/1749965451_72724.jpg	bn	Cricket	t	{"template1": "edited_images/1749965451_72724_template1.jpg", "template2": "edited_images/1749965451_72724_template2.jpg"}	2025-06-15 05:30:51.03517+00	2025-06-15 05:44:16.292764+00
11	মারক্রামের সেঞ্চুরিতে প্রোটিয়াদের সামনে শিরোপার হাতছানি	মারক্রামের সেঞ্চুরিতে প্রোটিয়াদের সামনে শিরোপার হাতছানি	https://bn.bdcrictime.com/%E0%A6%AE%E0%A6%BE%E0%A6%B0%E0%A6%95%E0%A7%8D%E0%A6%B0%E0%A6%BE%E0%A6%AE%E0%A7%87%E0%A6%B0-%E0%A6%B8%E0%A7%87%E0%A6%9E%E0%A7%8D%E0%A6%9A%E0%A7%81%E0%A6%B0%E0%A6%BF%E0%A6%A4%E0%A7%87-%E0%A6%AA%E0%A7%8D%E0%A6%B0%E0%A7%8B%E0%A6%9F%E0%A6%BF%E0%A7%9F%E0%A6%BE%E0%A6%A6%E0%A7%87%E0%A6%B0-%E0%A6%B8%E0%A6%BE%E0%A6%AE%E0%A6%A8%E0%A7%87-%E0%A6%B6%E0%A6%BF%E0%A6%B0%E0%A7%8B%E0%A6%AA%E0%A6%BE%E0%A6%B0-%E0%A6%B9%E0%A6%BE%E0%A6%A4%E0%A6%9B%E0%A6%BE%E0%A6%A8%E0%A6%BF	https://bnapi.bdcrictime.com/Post images/June 2025/adma-13_06_2025.jpg	bdcrictime.com	news_images/1749965451_75436.jpg	bn	Cricket	t	{"template1": "edited_images/1749965451_75436_template1.jpg", "template2": "edited_images/1749965451_75436_template2.jpg"}	2025-06-15 05:30:51.425723+00	2025-06-15 05:44:18.137854+00
12	পিসিবির কোচের দায়িত্ব থেকে পদত্যাগ করলেন ইউসুফ	পিসিবির কোচের দায়িত্ব থেকে পদত্যাগ করলেন ইউসুফ	https://bn.bdcrictime.com/%E0%A6%AA%E0%A6%BF%E0%A6%B8%E0%A6%BF%E0%A6%AC%E0%A6%BF%E0%A6%B0-%E0%A6%95%E0%A7%8B%E0%A6%9A%E0%A7%87%E0%A6%B0-%E0%A6%A6%E0%A6%BE%E0%A7%9F%E0%A6%BF%E0%A6%A4%E0%A7%8D%E0%A6%AC-%E0%A6%A5%E0%A7%87%E0%A6%95%E0%A7%87-%E0%A6%AA%E0%A6%A6%E0%A6%A4%E0%A7%8D%E0%A6%AF%E0%A6%BE%E0%A6%97-%E0%A6%95%E0%A6%B0%E0%A6%B2%E0%A7%87%E0%A6%A8-%E0%A6%87%E0%A6%89%E0%A6%B8%E0%A7%81%E0%A6%AB	https://bnapi.bdcrictime.com/Post images/June 2025/mohammad-13_06_2025.jpg	bdcrictime.com	news_images/1749965451_57904.jpg	bn	Cricket	t	{"template1": "edited_images/1749965451_57904_template1.jpg", "template2": "edited_images/1749965451_57904_template2.jpg"}	2025-06-15 05:30:51.873412+00	2025-06-15 05:44:20.473182+00
13	জায়গা হারিয়েছেন টি-টোয়েন্টি দলে, সেই বাবর দল পেলেন বিগ ব্যাশে	জায়গা হারিয়েছেন টি-টোয়েন্টি দলে, সেই বাবর দল পেলেন বিগ ব্যাশে	https://bn.bdcrictime.com/%E0%A6%9C%E0%A6%BE%E0%A7%9F%E0%A6%97%E0%A6%BE-%E0%A6%B9%E0%A6%BE%E0%A6%B0%E0%A6%BF%E0%A7%9F%E0%A7%87%E0%A6%9B%E0%A7%87%E0%A6%A8-%E0%A6%9F%E0%A6%BF-%E0%A6%9F%E0%A7%8B%E0%A7%9F%E0%A7%87%E0%A6%A8%E0%A7%8D%E0%A6%9F%E0%A6%BF-%E0%A6%A6%E0%A6%B2%E0%A7%87-%E0%A6%B8%E0%A7%87%E0%A6%87-%E0%A6%AC%E0%A6%BE%E0%A6%AC%E0%A6%B0-%E0%A6%A6%E0%A6%B2-%E0%A6%AA%E0%A7%87%E0%A6%B2%E0%A7%87%E0%A6%A8-%E0%A6%AC%E0%A6%BF%E0%A6%97-%E0%A6%AC%E0%A7%8D%E0%A6%AF%E0%A6%BE%E0%A6%B6%E0%A7%87	https://bnapi.bdcrictime.com/babar-13_06_2025.jpg	bdcrictime.com	news_images/1749965452_31357.jpg	bn	Cricket	t	{"template1": "edited_images/1749965452_31357_template1.jpg", "template2": "edited_images/1749965452_31357_template2.jpg"}	2025-06-15 05:30:52.786808+00	2025-06-15 05:44:22.360677+00
19	মিরাজ-শান্তর বার্তা ‘ক্যাপ্টেন ডাজেন্ট ম্যাটার’	মিরাজ-শান্তর বার্তা ‘ক্যাপ্টেন ডাজেন্ট ম্যাটার’	https://bn.bdcrictime.com/%E0%A6%AE%E0%A6%BF%E0%A6%B0%E0%A6%BE%E0%A6%9C-%E0%A6%B6%E0%A6%BE%E0%A6%A8%E0%A7%8D%E0%A6%A4%E0%A6%B0-%E0%A6%AC%E0%A6%BE%E0%A6%B0%E0%A7%8D%E0%A6%A4%E0%A6%BE-%E0%A6%95%E0%A7%8D%E0%A6%AF%E0%A6%BE%E0%A6%AA%E0%A7%8D%E0%A6%9F%E0%A7%87%E0%A6%A8-%E0%A6%A1%E0%A6%BE%E0%A6%9C%E0%A7%87%E0%A6%A8%E0%A7%8D%E0%A6%9F-%E0%A6%AE%E0%A7%8D%E0%A6%AF%E0%A6%BE%E0%A6%9F%E0%A6%BE%E0%A6%B0	https://bnapi.bdcrictime.com/Post images/June 2025/mhmnhs-13_06_2025.jpg	bdcrictime.com	news_images/1749965458_90801.jpg	bn	Cricket	t	{"template1": "edited_images/1749965458_90801_template1.jpg", "template2": "edited_images/1749965458_90801_template2.jpg"}	2025-06-15 05:30:58.282199+00	2025-06-15 05:43:51.158597+00
14	মায়ের অসুস্থতায় দেশে ফিরলেন গম্ভীর	মায়ের অসুস্থতায় দেশে ফিরলেন গম্ভীর	https://bn.bdcrictime.com/%E0%A6%AE%E0%A6%BE%E0%A7%9F%E0%A7%87%E0%A6%B0-%E0%A6%85%E0%A6%B8%E0%A7%81%E0%A6%B8%E0%A7%8D%E0%A6%A5%E0%A6%A4%E0%A6%BE%E0%A7%9F-%E0%A6%A6%E0%A7%87%E0%A6%B6%E0%A7%87-%E0%A6%AB%E0%A6%BF%E0%A6%B0%E0%A6%B2%E0%A7%87%E0%A6%A8-%E0%A6%97%E0%A6%AE%E0%A7%8D%E0%A6%AD%E0%A7%80%E0%A6%B0	https://bnapi.bdcrictime.com/gambhir-13_06_2025.jpg	bdcrictime.com	news_images/1749965454_65490.jpg	bn	Cricket	t	{"template1": "edited_images/1749965454_65490_template1.jpg", "template2": "edited_images/1749965454_65490_template2.jpg"}	2025-06-15 05:30:54.372781+00	2025-06-15 05:44:24.748942+00
17	নিজের ব্যাটিংয়ের চেয়ে দলের সাফল্যকে বেশি গুরুত্ব দিচ্ছেন মিরাজ	নিজের ব্যাটিংয়ের চেয়ে দলের সাফল্যকে বেশি গুরুত্ব দিচ্ছেন মিরাজ	https://bn.bdcrictime.com/%E0%A6%A8%E0%A6%BF%E0%A6%9C%E0%A7%87%E0%A6%B0-%E0%A6%AC%E0%A7%8D%E0%A6%AF%E0%A6%BE%E0%A6%9F%E0%A6%BF%E0%A6%82%E0%A7%9F%E0%A7%87%E0%A6%B0-%E0%A6%9A%E0%A7%87%E0%A7%9F%E0%A7%87-%E0%A6%A6%E0%A6%B2%E0%A7%87%E0%A6%B0-%E0%A6%B8%E0%A6%BE%E0%A6%AB%E0%A6%B2%E0%A7%8D%E0%A6%AF%E0%A6%95%E0%A7%87-%E0%A6%AC%E0%A7%87%E0%A6%B6%E0%A6%BF-%E0%A6%97%E0%A7%81%E0%A6%B0%E0%A7%81%E0%A6%A4%E0%A7%8D%E0%A6%AC-%E0%A6%A6%E0%A6%BF%E0%A6%9A%E0%A7%8D%E0%A6%9B%E0%A7%87%E0%A6%A8-%E0%A6%AE%E0%A6%BF%E0%A6%B0%E0%A6%BE%E0%A6%9C	https://bnapi.bdcrictime.com/Post images/June 2025/mizabat-13_06_2025.jpg	bdcrictime.com	news_images/1749965457_99365.jpg	bn	Cricket	t	{"template1": "edited_images/1749965457_99365_template1.jpg", "template2": "edited_images/1749965457_99365_template2.jpg"}	2025-06-15 05:30:57.471161+00	2025-06-15 05:44:31.98713+00
18	শ্রীলঙ্কায় সিরিজ জিততে চান মিরাজ	শ্রীলঙ্কায় সিরিজ জিততে চান মিরাজ	https://bn.bdcrictime.com/%E0%A6%B6%E0%A7%8D%E0%A6%B0%E0%A7%80%E0%A6%B2%E0%A6%99%E0%A7%8D%E0%A6%95%E0%A6%BE%E0%A7%9F-%E0%A6%B8%E0%A6%BF%E0%A6%B0%E0%A6%BF%E0%A6%9C-%E0%A6%9C%E0%A6%BF%E0%A6%A4%E0%A6%A4%E0%A7%87-%E0%A6%9A%E0%A6%BE%E0%A6%A8-%E0%A6%AE%E0%A6%BF%E0%A6%B0%E0%A6%BE%E0%A6%9C	https://bnapi.bdcrictime.com/Post images/June 2025/mhmd-13_06_2025.jpg	bdcrictime.com	news_images/1749965457_69403.jpg	bn	Cricket	t	{"template1": "edited_images/1749965457_69403_template1.jpg", "template2": "edited_images/1749965457_69403_template2.jpg"}	2025-06-15 05:30:57.875152+00	2025-06-15 05:44:34.328542+00
16	সাকিবের সাথে যেসব কথা হয়েছে মিরাজের	সাকিবের সাথে যেসব কথা হয়েছে মিরাজের	https://bn.bdcrictime.com/%E0%A6%B8%E0%A6%BE%E0%A6%95%E0%A6%BF%E0%A6%AC%E0%A7%87%E0%A6%B0-%E0%A6%B8%E0%A6%BE%E0%A6%A5%E0%A7%87-%E0%A6%AF%E0%A7%87%E0%A6%B8%E0%A6%AC-%E0%A6%95%E0%A6%A5%E0%A6%BE-%E0%A6%B9%E0%A7%9F%E0%A7%87%E0%A6%9B%E0%A7%87-%E0%A6%AE%E0%A6%BF%E0%A6%B0%E0%A6%BE%E0%A6%9C%E0%A7%87%E0%A6%B0	https://bnapi.bdcrictime.com/Post images/June 2025/mirushak-13_06_2025.jpg	bdcrictime.com	news_images/1749965457_57893.jpg	bn	Cricket	t	{"template1": "edited_images/1749965457_57893_template1.jpg", "template2": "edited_images/1749965457_57893_template2.jpg"}	2025-06-15 05:30:57.069415+00	2025-06-15 05:44:29.026677+00
3	কয়েক বছরের মধ্যেই হল অব ফেমে জায়গা পাবে রাবাদা : বাভুমা	কয়েক বছরের মধ্যেই হল অব ফেমে জায়গা পাবে রাবাদা : বাভুমা	https://bn.bdcrictime.com/%E0%A6%95%E0%A7%9F%E0%A7%87%E0%A6%95-%E0%A6%AC%E0%A6%9B%E0%A6%B0%E0%A7%87%E0%A6%B0-%E0%A6%AE%E0%A6%A7%E0%A7%8D%E0%A6%AF%E0%A7%87%E0%A6%87-%E0%A6%B9%E0%A6%B2-%E0%A6%85%E0%A6%AC-%E0%A6%AB%E0%A7%87%E0%A6%AE%E0%A7%87-%E0%A6%9C%E0%A6%BE%E0%A7%9F%E0%A6%97%E0%A6%BE-%E0%A6%AA%E0%A6%BE%E0%A6%AC%E0%A7%87-%E0%A6%B0%E0%A6%BE%E0%A6%AC%E0%A6%BE%E0%A6%A6%E0%A6%BE-%E0%A6%AC%E0%A6%BE%E0%A6%AD%E0%A7%81%E0%A6%AE%E0%A6%BE	https://bnapi.bdcrictime.com/Post images/June 2025/rabadabavuma-15_06_2025.jpg	bdcrictime.com	news_images/1749965439_59565.jpg	bn	Cricket	t	{"template1": "edited_images/1749965439_59565_template1.jpg", "template2": "edited_images/1749965439_59565_template2.jpg"}	2025-06-15 05:30:39.781604+00	2025-06-15 05:44:00.463384+00
5	টেস্ট চ্যাম্পিয়নশিপ : কোন দল কত টাকা প্রাইজমানি পেল	টেস্ট চ্যাম্পিয়নশিপ : কোন দল কত টাকা প্রাইজমানি পেল	https://bn.bdcrictime.com/%E0%A6%9F%E0%A7%87%E0%A6%B8%E0%A7%8D%E0%A6%9F-%E0%A6%9A%E0%A7%8D%E0%A6%AF%E0%A6%BE%E0%A6%AE%E0%A7%8D%E0%A6%AA%E0%A6%BF%E0%A7%9F%E0%A6%A8%E0%A6%B6%E0%A6%BF%E0%A6%AA-%E0%A6%95%E0%A7%8B%E0%A6%A8-%E0%A6%A6%E0%A6%B2-%E0%A6%95%E0%A6%A4-%E0%A6%9F%E0%A6%BE%E0%A6%95%E0%A6%BE-%E0%A6%AA%E0%A7%8D%E0%A6%B0%E0%A6%BE%E0%A6%87%E0%A6%9C%E0%A6%AE%E0%A6%BE%E0%A6%A8%E0%A6%BF-%E0%A6%AA%E0%A7%87%E0%A6%B2	https://bnapi.bdcrictime.com/bangladesh-new-zealand-2023-sylhet-test-copy-14_06_2025.jpg	bdcrictime.com	news_images/1749965440_96521.jpg	bn	Cricket	t	{"template1": "edited_images/1749965440_96521_template1.jpg", "template2": "edited_images/1749965440_96521_template2.jpg"}	2025-06-15 05:30:40.74907+00	2025-06-15 05:44:04.757245+00
15	ব্যাট হাতেও স্টার্কের লড়াই, চ্যাম্পিয়ন হতে দক্ষিণ আফ্রিকার লক্ষ্য '২৮২'	ব্যাট হাতেও স্টার্কের লড়াই, চ্যাম্পিয়ন হতে দক্ষিণ আফ্রিকার লক্ষ্য '২৮২'	https://bn.bdcrictime.com/%E0%A6%AC%E0%A7%8D%E0%A6%AF%E0%A6%BE%E0%A6%9F-%E0%A6%B9%E0%A6%BE%E0%A6%A4%E0%A7%87%E0%A6%93-%E0%A6%B8%E0%A7%8D%E0%A6%9F%E0%A6%BE%E0%A6%B0%E0%A7%8D%E0%A6%95%E0%A7%87%E0%A6%B0-%E0%A6%B2%E0%A7%9C%E0%A6%BE%E0%A6%87-%E0%A6%9A%E0%A7%8D%E0%A6%AF%E0%A6%BE%E0%A6%AE%E0%A7%8D%E0%A6%AA%E0%A6%BF%E0%A7%9F%E0%A6%A8-%E0%A6%B9%E0%A6%A4%E0%A7%87-%E0%A6%A6%E0%A6%95%E0%A7%8D%E0%A6%B7%E0%A6%BF%E0%A6%A3-%E0%A6%86%E0%A6%AB%E0%A7%8D%E0%A6%B0%E0%A6%BF%E0%A6%95%E0%A6%BE%E0%A6%B0-%E0%A6%B2%E0%A6%95%E0%A7%8D%E0%A6%B7%E0%A7%8D%E0%A6%AF-%E0%A7%A8%E0%A7%AE%E0%A7%A8	https://bnapi.bdcrictime.com/wtc-final-2-13_06_2025.jpg	bdcrictime.com	news_images/1749965456_19841.jpg	bn	Cricket	t	{"template1": "edited_images/1749965456_19841_template1.jpg", "template2": "edited_images/1749965456_19841_template2.jpg"}	2025-06-15 05:30:56.24687+00	2025-06-15 05:44:26.627773+00
20	বাংলাদেশ সিরিজে বাবর-রিজওয়ান-শাহীনকে চায় না পাকিস্তান	বাংলাদেশ সিরিজে বাবর-রিজওয়ান-শাহীনকে চায় না পাকিস্তান	https://bn.bdcrictime.com/%E0%A6%AC%E0%A6%BE%E0%A6%82%E0%A6%B2%E0%A6%BE%E0%A6%A6%E0%A7%87%E0%A6%B6-%E0%A6%B8%E0%A6%BF%E0%A6%B0%E0%A6%BF%E0%A6%9C%E0%A7%87-%E0%A6%AC%E0%A6%BE%E0%A6%AC%E0%A6%B0-%E0%A6%B0%E0%A6%BF%E0%A6%9C%E0%A6%93%E0%A7%9F%E0%A6%BE%E0%A6%A8-%E0%A6%B6%E0%A6%BE%E0%A6%B9%E0%A7%80%E0%A6%A8%E0%A6%95%E0%A7%87-%E0%A6%9A%E0%A6%BE%E0%A7%9F-%E0%A6%A8%E0%A6%BE-%E0%A6%AA%E0%A6%BE%E0%A6%95%E0%A6%BF%E0%A6%B8%E0%A7%8D%E0%A6%A4%E0%A6%BE%E0%A6%A8	https://bnapi.bdcrictime.com/shaheenrizwanbababr-13_06_2025.jpg	bdcrictime.com	news_images/1749965458_44939.jpg	bn	Cricket	t	{"template1": "edited_images/1749965458_44939_template1.jpg", "template2": "edited_images/1749965458_44939_template2.jpg"}	2025-06-15 05:30:58.749656+00	2025-06-15 05:44:36.98227+00
\.


--
-- Data for Name: News_template; Type: TABLE DATA; Schema: public; Owner: postgres
--

COPY public."News_template" (id, page_name, page_id, image, created_at, updated_at) FROM stdin;
1	Gemten News	571480596045760	template_images/Gemten-news.png	2025-06-15 05:32:59.257786+00	2025-06-15 05:32:59.257824+00
4	Gemten Football	684520311406135	template_images/Gemten-Football.png	2025-06-15 05:48:23.926495+00	2025-06-15 05:49:27.682961+00
5	Gemten Terabyte	644657182073016	template_images/Gemten-Terabite.png	2025-06-15 05:50:27.880334+00	2025-06-15 05:50:27.880353+00
6	Gemten Scholar	108818517606899	template_images/Gemten-Scholar.png	2025-06-15 05:51:10.453022+00	2025-06-15 05:51:10.453041+00
3	Gemten Cricket (Nai)	463298220210795-	template_images/Gemten-news_SYEj1th.png	2025-06-15 05:46:46.017644+00	2025-06-15 05:52:00.038736+00
2	Gemten Sports (Nai)	692806730579545-	template_images/Gemten-news_LbtjvXp.png	2025-06-15 05:39:47.686554+00	2025-06-15 05:52:14.038439+00
\.


--
-- Data for Name: TestApp_testimage; Type: TABLE DATA; Schema: public; Owner: postgres
--

COPY public."TestApp_testimage" (id, image, is_edited, edited_image, all_edited_image, created_at, updated_at) FROM stdin;
\.


--
-- Data for Name: auth_group; Type: TABLE DATA; Schema: public; Owner: postgres
--

COPY public.auth_group (id, name) FROM stdin;
\.


--
-- Data for Name: auth_group_permissions; Type: TABLE DATA; Schema: public; Owner: postgres
--

COPY public.auth_group_permissions (id, group_id, permission_id) FROM stdin;
\.


--
-- Data for Name: auth_permission; Type: TABLE DATA; Schema: public; Owner: postgres
--

COPY public.auth_permission (id, name, content_type_id, codename) FROM stdin;
1	Can add log entry	1	add_logentry
2	Can change log entry	1	change_logentry
3	Can delete log entry	1	delete_logentry
4	Can view log entry	1	view_logentry
5	Can add permission	2	add_permission
6	Can change permission	2	change_permission
7	Can delete permission	2	delete_permission
8	Can view permission	2	view_permission
9	Can add group	3	add_group
10	Can change group	3	change_group
11	Can delete group	3	delete_group
12	Can view group	3	view_group
13	Can add user	4	add_user
14	Can change user	4	change_user
15	Can delete user	4	delete_user
16	Can view user	4	view_user
17	Can add content type	5	add_contenttype
18	Can change content type	5	change_contenttype
19	Can delete content type	5	delete_contenttype
20	Can view content type	5	view_contenttype
21	Can add session	6	add_session
22	Can change session	6	change_session
23	Can delete session	6	delete_session
24	Can view session	6	view_session
25	Can add test image	7	add_testimage
26	Can change test image	7	change_testimage
27	Can delete test image	7	delete_testimage
28	Can view test image	7	view_testimage
29	Can add news	8	add_news
30	Can change news	8	change_news
31	Can delete news	8	delete_news
32	Can view news	8	view_news
33	Can add template	9	add_template
34	Can change template	9	change_template
35	Can delete template	9	delete_template
36	Can view template	9	view_template
\.


--
-- Data for Name: auth_user; Type: TABLE DATA; Schema: public; Owner: postgres
--

COPY public.auth_user (id, password, last_login, is_superuser, username, first_name, last_name, email, is_staff, is_active, date_joined) FROM stdin;
1	pbkdf2_sha256$1000000$WY8aLi8PCslDqkTXZjTx0o$UqhR3jRw4N/6DR4xQc5IO2JcAgpOg8HRP1dngDMTh04=	2025-06-15 05:30:31.060424+00	t	admin			admin@example.com	t	t	2025-06-15 05:30:24.088175+00
\.


--
-- Data for Name: auth_user_groups; Type: TABLE DATA; Schema: public; Owner: postgres
--

COPY public.auth_user_groups (id, user_id, group_id) FROM stdin;
\.


--
-- Data for Name: auth_user_user_permissions; Type: TABLE DATA; Schema: public; Owner: postgres
--

COPY public.auth_user_user_permissions (id, user_id, permission_id) FROM stdin;
\.


--
-- Data for Name: django_admin_log; Type: TABLE DATA; Schema: public; Owner: postgres
--

COPY public.django_admin_log (id, action_time, object_id, object_repr, action_flag, change_message, content_type_id, user_id) FROM stdin;
1	2025-06-15 05:32:59.264536+00	1	Gemten News (id: 1)	1	[{"added": {}}]	9	1
2	2025-06-15 05:39:47.689369+00	2	Gemten Sports (id: 2)	1	[{"added": {}}]	9	1
3	2025-06-15 05:46:46.023233+00	3	Gemten Cricket (id: 3)	1	[{"added": {}}]	9	1
4	2025-06-15 05:47:06.580717+00	3	Gemten Cricket (id: 3)	2	[]	9	1
5	2025-06-15 05:47:59.263709+00	2	Gemten Sports (id: 2)	2	[]	9	1
6	2025-06-15 05:48:23.928453+00	4	Gemten Football (id: 4)	1	[{"added": {}}]	9	1
7	2025-06-15 05:49:27.684117+00	4	Gemten Football (id: 4)	2	[]	9	1
8	2025-06-15 05:50:27.882307+00	5	Gemten Terabyte (id: 5)	1	[{"added": {}}]	9	1
9	2025-06-15 05:51:10.454952+00	6	Gemten Scholar (id: 6)	1	[{"added": {}}]	9	1
10	2025-06-15 05:51:33.638971+00	3	Gemten Cricket (id: 3)	2	[{"changed": {"fields": ["Page id"]}}]	9	1
11	2025-06-15 05:52:00.040161+00	3	Gemten Cricket (Nai) (id: 3)	2	[{"changed": {"fields": ["Page name"]}}]	9	1
12	2025-06-15 05:52:14.046842+00	2	Gemten Sports (Nai) (id: 2)	2	[{"changed": {"fields": ["Page name", "Page id"]}}]	9	1
\.


--
-- Data for Name: django_content_type; Type: TABLE DATA; Schema: public; Owner: postgres
--

COPY public.django_content_type (id, app_label, model) FROM stdin;
1	admin	logentry
2	auth	permission
3	auth	group
4	auth	user
5	contenttypes	contenttype
6	sessions	session
7	TestApp	testimage
8	News	news
9	News	template
\.


--
-- Data for Name: django_migrations; Type: TABLE DATA; Schema: public; Owner: postgres
--

COPY public.django_migrations (id, app, name, applied) FROM stdin;
1	News	0001_initial	2025-06-14 23:03:16.186369+00
2	TestApp	0001_initial	2025-06-14 23:03:16.234199+00
3	contenttypes	0001_initial	2025-06-14 23:03:16.261384+00
4	auth	0001_initial	2025-06-14 23:03:16.465043+00
5	admin	0001_initial	2025-06-14 23:03:16.520578+00
6	admin	0002_logentry_remove_auto_add	2025-06-14 23:03:16.553703+00
7	admin	0003_logentry_add_action_flag_choices	2025-06-14 23:03:16.588526+00
8	contenttypes	0002_remove_content_type_name	2025-06-14 23:03:16.655169+00
9	auth	0002_alter_permission_name_max_length	2025-06-14 23:03:16.700967+00
10	auth	0003_alter_user_email_max_length	2025-06-14 23:03:16.735983+00
11	auth	0004_alter_user_username_opts	2025-06-14 23:03:16.763368+00
12	auth	0005_alter_user_last_login_null	2025-06-14 23:03:16.800571+00
13	auth	0006_require_contenttypes_0002	2025-06-14 23:03:16.812382+00
14	auth	0007_alter_validators_add_error_messages	2025-06-14 23:03:16.867869+00
15	auth	0008_alter_user_username_max_length	2025-06-14 23:03:16.966957+00
16	auth	0009_alter_user_last_name_max_length	2025-06-14 23:03:16.99659+00
17	auth	0010_alter_group_name_max_length	2025-06-14 23:03:17.061775+00
18	auth	0011_update_proxy_permissions	2025-06-14 23:03:17.111333+00
19	auth	0012_alter_user_first_name_max_length	2025-06-14 23:03:17.158432+00
20	sessions	0001_initial	2025-06-14 23:03:17.26398+00
\.


--
-- Data for Name: django_session; Type: TABLE DATA; Schema: public; Owner: postgres
--

COPY public.django_session (session_key, session_data, expire_date) FROM stdin;
705cziu29hf188l867cq9xyma1d6lwxq	.eJxVjDsOAiEUAO9CbQjge3ws7T0Defxk1UCy7FbGuxuSLbSdmcybedq36veRV78kdmGSnX5ZoPjMbYr0oHbvPPa2rUvgM-GHHfzWU35dj_ZvUGnUuZXWFCuyUVpowKhD0mDs2RYJioJVQOgQDSR0EFxRNmaSkBUKlyIY9vkCsAQ2yg:1uQfwt:qYrnoNsqMSrlathiZmsuelHD-iKNCK7BK4MVAK2QW0A	2025-06-29 05:30:31.064363+00
\.


--
-- Name: News_news_id_seq; Type: SEQUENCE SET; Schema: public; Owner: postgres
--

SELECT pg_catalog.setval('public."News_news_id_seq"', 20, true);


--
-- Name: News_template_id_seq; Type: SEQUENCE SET; Schema: public; Owner: postgres
--

SELECT pg_catalog.setval('public."News_template_id_seq"', 6, true);


--
-- Name: TestApp_testimage_id_seq; Type: SEQUENCE SET; Schema: public; Owner: postgres
--

SELECT pg_catalog.setval('public."TestApp_testimage_id_seq"', 1, false);


--
-- Name: auth_group_id_seq; Type: SEQUENCE SET; Schema: public; Owner: postgres
--

SELECT pg_catalog.setval('public.auth_group_id_seq', 1, false);


--
-- Name: auth_group_permissions_id_seq; Type: SEQUENCE SET; Schema: public; Owner: postgres
--

SELECT pg_catalog.setval('public.auth_group_permissions_id_seq', 1, false);


--
-- Name: auth_permission_id_seq; Type: SEQUENCE SET; Schema: public; Owner: postgres
--

SELECT pg_catalog.setval('public.auth_permission_id_seq', 36, true);


--
-- Name: auth_user_groups_id_seq; Type: SEQUENCE SET; Schema: public; Owner: postgres
--

SELECT pg_catalog.setval('public.auth_user_groups_id_seq', 1, false);


--
-- Name: auth_user_id_seq; Type: SEQUENCE SET; Schema: public; Owner: postgres
--

SELECT pg_catalog.setval('public.auth_user_id_seq', 1, true);


--
-- Name: auth_user_user_permissions_id_seq; Type: SEQUENCE SET; Schema: public; Owner: postgres
--

SELECT pg_catalog.setval('public.auth_user_user_permissions_id_seq', 1, false);


--
-- Name: django_admin_log_id_seq; Type: SEQUENCE SET; Schema: public; Owner: postgres
--

SELECT pg_catalog.setval('public.django_admin_log_id_seq', 12, true);


--
-- Name: django_content_type_id_seq; Type: SEQUENCE SET; Schema: public; Owner: postgres
--

SELECT pg_catalog.setval('public.django_content_type_id_seq', 9, true);


--
-- Name: django_migrations_id_seq; Type: SEQUENCE SET; Schema: public; Owner: postgres
--

SELECT pg_catalog.setval('public.django_migrations_id_seq', 20, true);


--
-- Name: News_news News_news_pkey; Type: CONSTRAINT; Schema: public; Owner: postgres
--

ALTER TABLE ONLY public."News_news"
    ADD CONSTRAINT "News_news_pkey" PRIMARY KEY (id);


--
-- Name: News_template News_template_pkey; Type: CONSTRAINT; Schema: public; Owner: postgres
--

ALTER TABLE ONLY public."News_template"
    ADD CONSTRAINT "News_template_pkey" PRIMARY KEY (id);


--
-- Name: TestApp_testimage TestApp_testimage_pkey; Type: CONSTRAINT; Schema: public; Owner: postgres
--

ALTER TABLE ONLY public."TestApp_testimage"
    ADD CONSTRAINT "TestApp_testimage_pkey" PRIMARY KEY (id);


--
-- Name: auth_group auth_group_name_key; Type: CONSTRAINT; Schema: public; Owner: postgres
--

ALTER TABLE ONLY public.auth_group
    ADD CONSTRAINT auth_group_name_key UNIQUE (name);


--
-- Name: auth_group_permissions auth_group_permissions_group_id_permission_id_0cd325b0_uniq; Type: CONSTRAINT; Schema: public; Owner: postgres
--

ALTER TABLE ONLY public.auth_group_permissions
    ADD CONSTRAINT auth_group_permissions_group_id_permission_id_0cd325b0_uniq UNIQUE (group_id, permission_id);


--
-- Name: auth_group_permissions auth_group_permissions_pkey; Type: CONSTRAINT; Schema: public; Owner: postgres
--

ALTER TABLE ONLY public.auth_group_permissions
    ADD CONSTRAINT auth_group_permissions_pkey PRIMARY KEY (id);


--
-- Name: auth_group auth_group_pkey; Type: CONSTRAINT; Schema: public; Owner: postgres
--

ALTER TABLE ONLY public.auth_group
    ADD CONSTRAINT auth_group_pkey PRIMARY KEY (id);


--
-- Name: auth_permission auth_permission_content_type_id_codename_01ab375a_uniq; Type: CONSTRAINT; Schema: public; Owner: postgres
--

ALTER TABLE ONLY public.auth_permission
    ADD CONSTRAINT auth_permission_content_type_id_codename_01ab375a_uniq UNIQUE (content_type_id, codename);


--
-- Name: auth_permission auth_permission_pkey; Type: CONSTRAINT; Schema: public; Owner: postgres
--

ALTER TABLE ONLY public.auth_permission
    ADD CONSTRAINT auth_permission_pkey PRIMARY KEY (id);


--
-- Name: auth_user_groups auth_user_groups_pkey; Type: CONSTRAINT; Schema: public; Owner: postgres
--

ALTER TABLE ONLY public.auth_user_groups
    ADD CONSTRAINT auth_user_groups_pkey PRIMARY KEY (id);


--
-- Name: auth_user_groups auth_user_groups_user_id_group_id_94350c0c_uniq; Type: CONSTRAINT; Schema: public; Owner: postgres
--

ALTER TABLE ONLY public.auth_user_groups
    ADD CONSTRAINT auth_user_groups_user_id_group_id_94350c0c_uniq UNIQUE (user_id, group_id);


--
-- Name: auth_user auth_user_pkey; Type: CONSTRAINT; Schema: public; Owner: postgres
--

ALTER TABLE ONLY public.auth_user
    ADD CONSTRAINT auth_user_pkey PRIMARY KEY (id);


--
-- Name: auth_user_user_permissions auth_user_user_permissions_pkey; Type: CONSTRAINT; Schema: public; Owner: postgres
--

ALTER TABLE ONLY public.auth_user_user_permissions
    ADD CONSTRAINT auth_user_user_permissions_pkey PRIMARY KEY (id);


--
-- Name: auth_user_user_permissions auth_user_user_permissions_user_id_permission_id_14a6b632_uniq; Type: CONSTRAINT; Schema: public; Owner: postgres
--

ALTER TABLE ONLY public.auth_user_user_permissions
    ADD CONSTRAINT auth_user_user_permissions_user_id_permission_id_14a6b632_uniq UNIQUE (user_id, permission_id);


--
-- Name: auth_user auth_user_username_key; Type: CONSTRAINT; Schema: public; Owner: postgres
--

ALTER TABLE ONLY public.auth_user
    ADD CONSTRAINT auth_user_username_key UNIQUE (username);


--
-- Name: django_admin_log django_admin_log_pkey; Type: CONSTRAINT; Schema: public; Owner: postgres
--

ALTER TABLE ONLY public.django_admin_log
    ADD CONSTRAINT django_admin_log_pkey PRIMARY KEY (id);


--
-- Name: django_content_type django_content_type_app_label_model_76bd3d3b_uniq; Type: CONSTRAINT; Schema: public; Owner: postgres
--

ALTER TABLE ONLY public.django_content_type
    ADD CONSTRAINT django_content_type_app_label_model_76bd3d3b_uniq UNIQUE (app_label, model);


--
-- Name: django_content_type django_content_type_pkey; Type: CONSTRAINT; Schema: public; Owner: postgres
--

ALTER TABLE ONLY public.django_content_type
    ADD CONSTRAINT django_content_type_pkey PRIMARY KEY (id);


--
-- Name: django_migrations django_migrations_pkey; Type: CONSTRAINT; Schema: public; Owner: postgres
--

ALTER TABLE ONLY public.django_migrations
    ADD CONSTRAINT django_migrations_pkey PRIMARY KEY (id);


--
-- Name: django_session django_session_pkey; Type: CONSTRAINT; Schema: public; Owner: postgres
--

ALTER TABLE ONLY public.django_session
    ADD CONSTRAINT django_session_pkey PRIMARY KEY (session_key);


--
-- Name: auth_group_name_a6ea08ec_like; Type: INDEX; Schema: public; Owner: postgres
--

CREATE INDEX auth_group_name_a6ea08ec_like ON public.auth_group USING btree (name varchar_pattern_ops);


--
-- Name: auth_group_permissions_group_id_b120cbf9; Type: INDEX; Schema: public; Owner: postgres
--

CREATE INDEX auth_group_permissions_group_id_b120cbf9 ON public.auth_group_permissions USING btree (group_id);


--
-- Name: auth_group_permissions_permission_id_84c5c92e; Type: INDEX; Schema: public; Owner: postgres
--

CREATE INDEX auth_group_permissions_permission_id_84c5c92e ON public.auth_group_permissions USING btree (permission_id);


--
-- Name: auth_permission_content_type_id_2f476e4b; Type: INDEX; Schema: public; Owner: postgres
--

CREATE INDEX auth_permission_content_type_id_2f476e4b ON public.auth_permission USING btree (content_type_id);


--
-- Name: auth_user_groups_group_id_97559544; Type: INDEX; Schema: public; Owner: postgres
--

CREATE INDEX auth_user_groups_group_id_97559544 ON public.auth_user_groups USING btree (group_id);


--
-- Name: auth_user_groups_user_id_6a12ed8b; Type: INDEX; Schema: public; Owner: postgres
--

CREATE INDEX auth_user_groups_user_id_6a12ed8b ON public.auth_user_groups USING btree (user_id);


--
-- Name: auth_user_user_permissions_permission_id_1fbb5f2c; Type: INDEX; Schema: public; Owner: postgres
--

CREATE INDEX auth_user_user_permissions_permission_id_1fbb5f2c ON public.auth_user_user_permissions USING btree (permission_id);


--
-- Name: auth_user_user_permissions_user_id_a95ead1b; Type: INDEX; Schema: public; Owner: postgres
--

CREATE INDEX auth_user_user_permissions_user_id_a95ead1b ON public.auth_user_user_permissions USING btree (user_id);


--
-- Name: auth_user_username_6821ab7c_like; Type: INDEX; Schema: public; Owner: postgres
--

CREATE INDEX auth_user_username_6821ab7c_like ON public.auth_user USING btree (username varchar_pattern_ops);


--
-- Name: django_admin_log_content_type_id_c4bce8eb; Type: INDEX; Schema: public; Owner: postgres
--

CREATE INDEX django_admin_log_content_type_id_c4bce8eb ON public.django_admin_log USING btree (content_type_id);


--
-- Name: django_admin_log_user_id_c564eba6; Type: INDEX; Schema: public; Owner: postgres
--

CREATE INDEX django_admin_log_user_id_c564eba6 ON public.django_admin_log USING btree (user_id);


--
-- Name: django_session_expire_date_a5c62663; Type: INDEX; Schema: public; Owner: postgres
--

CREATE INDEX django_session_expire_date_a5c62663 ON public.django_session USING btree (expire_date);


--
-- Name: django_session_session_key_c0390e0f_like; Type: INDEX; Schema: public; Owner: postgres
--

CREATE INDEX django_session_session_key_c0390e0f_like ON public.django_session USING btree (session_key varchar_pattern_ops);


--
-- Name: auth_group_permissions auth_group_permissio_permission_id_84c5c92e_fk_auth_perm; Type: FK CONSTRAINT; Schema: public; Owner: postgres
--

ALTER TABLE ONLY public.auth_group_permissions
    ADD CONSTRAINT auth_group_permissio_permission_id_84c5c92e_fk_auth_perm FOREIGN KEY (permission_id) REFERENCES public.auth_permission(id) DEFERRABLE INITIALLY DEFERRED;


--
-- Name: auth_group_permissions auth_group_permissions_group_id_b120cbf9_fk_auth_group_id; Type: FK CONSTRAINT; Schema: public; Owner: postgres
--

ALTER TABLE ONLY public.auth_group_permissions
    ADD CONSTRAINT auth_group_permissions_group_id_b120cbf9_fk_auth_group_id FOREIGN KEY (group_id) REFERENCES public.auth_group(id) DEFERRABLE INITIALLY DEFERRED;


--
-- Name: auth_permission auth_permission_content_type_id_2f476e4b_fk_django_co; Type: FK CONSTRAINT; Schema: public; Owner: postgres
--

ALTER TABLE ONLY public.auth_permission
    ADD CONSTRAINT auth_permission_content_type_id_2f476e4b_fk_django_co FOREIGN KEY (content_type_id) REFERENCES public.django_content_type(id) DEFERRABLE INITIALLY DEFERRED;


--
-- Name: auth_user_groups auth_user_groups_group_id_97559544_fk_auth_group_id; Type: FK CONSTRAINT; Schema: public; Owner: postgres
--

ALTER TABLE ONLY public.auth_user_groups
    ADD CONSTRAINT auth_user_groups_group_id_97559544_fk_auth_group_id FOREIGN KEY (group_id) REFERENCES public.auth_group(id) DEFERRABLE INITIALLY DEFERRED;


--
-- Name: auth_user_groups auth_user_groups_user_id_6a12ed8b_fk_auth_user_id; Type: FK CONSTRAINT; Schema: public; Owner: postgres
--

ALTER TABLE ONLY public.auth_user_groups
    ADD CONSTRAINT auth_user_groups_user_id_6a12ed8b_fk_auth_user_id FOREIGN KEY (user_id) REFERENCES public.auth_user(id) DEFERRABLE INITIALLY DEFERRED;


--
-- Name: auth_user_user_permissions auth_user_user_permi_permission_id_1fbb5f2c_fk_auth_perm; Type: FK CONSTRAINT; Schema: public; Owner: postgres
--

ALTER TABLE ONLY public.auth_user_user_permissions
    ADD CONSTRAINT auth_user_user_permi_permission_id_1fbb5f2c_fk_auth_perm FOREIGN KEY (permission_id) REFERENCES public.auth_permission(id) DEFERRABLE INITIALLY DEFERRED;


--
-- Name: auth_user_user_permissions auth_user_user_permissions_user_id_a95ead1b_fk_auth_user_id; Type: FK CONSTRAINT; Schema: public; Owner: postgres
--

ALTER TABLE ONLY public.auth_user_user_permissions
    ADD CONSTRAINT auth_user_user_permissions_user_id_a95ead1b_fk_auth_user_id FOREIGN KEY (user_id) REFERENCES public.auth_user(id) DEFERRABLE INITIALLY DEFERRED;


--
-- Name: django_admin_log django_admin_log_content_type_id_c4bce8eb_fk_django_co; Type: FK CONSTRAINT; Schema: public; Owner: postgres
--

ALTER TABLE ONLY public.django_admin_log
    ADD CONSTRAINT django_admin_log_content_type_id_c4bce8eb_fk_django_co FOREIGN KEY (content_type_id) REFERENCES public.django_content_type(id) DEFERRABLE INITIALLY DEFERRED;


--
-- Name: django_admin_log django_admin_log_user_id_c564eba6_fk_auth_user_id; Type: FK CONSTRAINT; Schema: public; Owner: postgres
--

ALTER TABLE ONLY public.django_admin_log
    ADD CONSTRAINT django_admin_log_user_id_c564eba6_fk_auth_user_id FOREIGN KEY (user_id) REFERENCES public.auth_user(id) DEFERRABLE INITIALLY DEFERRED;


--
-- PostgreSQL database dump complete
--

